Date,Close,High,Low,Open,Volume,SMA_20,SMA_200,EMA_20,EMA_200,RSI_7,RSI_14,RSI_200,MACD,ATR,ZigZag,DMA_20,DMA_50,DMA_200,OBV
2024-03-12,172.41586303710938,173.2121062975323,170.20629520329734,172.3362371923594,59825400,,,,,,,,,0.0,,,,,59825400
2024-03-13,170.3257598876953,172.37607625258147,169.95748841772314,171.9580519129805,52488700,,,,,,,,,0.0,,,,,7336700
2024-03-14,172.1869659423828,173.49080701178275,171.2414336176872,172.0973925529764,72913500,,,,,,,,,0.0,,,,,80250200
2024-03-15,171.80873107910156,171.80873107910156,169.4896795825833,170.36554869703198,121664700,,,,,,,,,0.0,,,,,-41414500
2024-03-18,172.90357971191406,176.87483361469177,172.70452267737835,174.7448914522954,75604200,,,,,,,,,0.0,,,,,34189700
2024-03-19,175.2524871826172,175.77999515234478,172.2168180823409,173.52065910891577,55215200,,,,,,,,,0.0,,,,,89404900
2024-03-20,177.830322265625,177.830322265625,174.2671449787142,174.89418909629194,53423100,,,,,84.15330059291733,,,,0.0,,,,,142828000
2024-03-21,170.5646209716797,176.65586961417029,170.03711298613993,176.2179350177799,106181300,,,,,39.79713267687483,,,,0.0,,,,,36646700
2024-03-22,171.47035217285156,172.23673773536032,169.26078406375387,170.95279171103329,71106600,,,,,44.08351868318086,,,,0.0,,,,,107753300
2024-03-25,170.0470733642578,171.13194711675715,168.65364374159117,169.76839047714014,54288300,,,,,38.99366184344155,,,,0.0,,,,,53465000
2024-03-26,168.91241455078125,170.61436949811346,168.78302065654685,169.20104494513856,57388400,,,,,35.2123191186093,,,,0.0,,,,,-3923400
2024-03-27,172.49549865722656,172.78414425918754,169.31054062211945,169.609133760084,60273300,,,,,52.26600632970489,,,,0.0,,,,,56349900
2024-03-28,170.67410278320312,171.4205780589011,169.70866021166748,170.94283813483634,65672700,,,,,45.20865720982258,,,-0.5072299448595743,0.0,,,,,-9322800
2024-04-01,169.2309112548828,170.4451788535061,168.68349304450714,170.38546326457012,46240500,,,,,40.19185736974111,42.353010800390436,,-0.7267567497934238,3.3989553004709205,,,,,-55563300
2024-04-02,168.0465087890625,168.54415896803064,167.43937496323824,168.28538634231538,49329500,,,,,36.331635745997986,39.65283339902456,,-1.000697727531616,3.2841396569833243,,,,,-104892800
2024-04-03,168.8527069091797,169.87786510696628,167.78774337767854,167.9967479570679,47691700,,,,,40.84359533868724,42.34719341383513,,-1.0124007282716718,3.198852662147926,,,,,-57201100
2024-04-04,168.026611328125,171.11203328162168,168.026611328125,169.48968886138192,53704400,,,,,37.653645550821786,40.35876565573957,,-1.0962570064970123,3.1907504686728365,,,,,-110905500
2024-04-05,168.7830352783203,169.5892261323792,168.15599119757314,168.79298281447828,42055200,,,,,42.454851741022246,42.998098623944635,,-0.9947918367500677,3.074455064071505,,,,,-68850300
2024-04-08,167.65835571289062,168.40483104125352,167.4493511257135,168.23563178927415,37425500,,,,,37.451928886868664,40.152899367899714,,-1.052735065160249,2.9501142846811703,,,,,-106275800
2024-04-09,168.8726043701172,169.2806811483862,167.55881583801002,167.90716183961618,42451200,170.81792526245118,,170.21795902001517,,45.53602436784279,44.42833483936397,,-0.8717776390663516,2.8623822150879574,,,,,-63824600
2024-04-10,166.99148559570312,168.29532657810816,166.3246362072623,168.0066961691415,49709300,170.54670639038085,,169.91067583674737,,36.91311881474475,39.696956069285655,,-0.9941358709020562,2.8399240684998808,,,,,-113533900
2024-04-11,174.2173614501953,174.63540094951088,167.36970557110288,167.54885233902874,91070300,170.74128646850585,,170.32083637136148,,65.8737547292452,58.13862234435938,,0.003795879468924568,3.183066303164729,,,,,-22463600
2024-04-12,175.72027587890625,177.52176704196785,173.39127675717174,173.4410296238906,101593300,170.91795196533204,,170.83506870541336,,69.29418125459014,60.822288153228634,,0.829321629533581,3.250739444709828,,,,,79129700
2024-04-15,171.87841796875,175.7999037342719,171.68930847441092,174.53586805138283,73531800,170.92143630981445,,170.93443530192164,,53.34780103611837,51.69833225040327,,0.7520588514066446,3.312157717220625,,,,,5597900
2024-04-16,168.583984375,172.94338974194338,167.47920033817573,170.94284143183614,73711200,170.70545654296876,,170.710582832691,,43.36428002285083,45.40795732524476,,0.2034254595112941,3.4658742662596986,,,,,-68113300
2024-04-17,167.21046447753906,169.84800441976404,167.21046447753906,168.81289870293196,50901200,170.30335540771483,,170.37723822743843,,39.74630960355822,43.055778556344904,,-0.33699274371545584,3.406707528828647,,,,,-119014500
2024-04-18,166.2549591064453,167.8474456964944,165.7672716683895,167.24031189258443,43122900,169.72458724975587,,169.98464021591528,,37.22561778103222,41.447292191925634,,-0.7906069928384909,3.311955135919807,,,,,-162137400
2024-04-19,164.22454833984375,165.6179626751691,163.30887389276177,165.42886837664992,67772100,169.40758361816407,,169.43606003724182,,32.16801448392911,38.182983267160985,,-1.3261190102716398,3.2858215700457882,,,,,-229909500
2024-04-22,165.0606231689453,166.47394798708703,163.99565958352764,164.74213492186811,48116400,169.08709716796875,,169.01935176407073,,36.324113433975235,40.2691068044856,,-1.4804169428990122,3.228140629582474,,,,,-181793100
2024-04-23,166.11561584472656,166.26492000363532,164.14492548116624,164.57291251221173,49537800,168.8905242919922,,168.74280548603795,,41.5924267698981,42.88817610407232,,-1.3637466441756203,3.148987336217232,,,,,-132255300
2024-04-24,168.22567749023438,168.50436038665487,165.4288858023208,165.7573215689687,48251800,168.85618743896484,,168.69355520072332,,51.04383414306361,47.81662779265039,,-0.9352153427754502,3.143736425368435,,,,,-84003500
2024-04-25,169.09156799316406,169.80818542681567,167.35973999732644,168.73325927633826,50558300,168.6859909057617,,168.73146118095576,,54.563841331252135,49.73359556376645,,-0.5109785417945716,3.094072782805634,,,,,-33445200
2024-04-26,168.5043487548828,170.53475474394267,168.38490238817732,169.081624768213,44838400,168.5775032043457,,168.70983142609168,,51.62689348269798,48.43415511487079,,-0.31427392046708746,3.02662846658847,,,,,-78283600
2024-04-29,172.6846160888672,175.20272483761752,172.28650201133237,172.555222179483,68169400,168.75018844604492,,169.088382346356,,66.57088821138146,57.039434530867524,,0.41616603501552163,3.288896153456059,,,,,-10114200
2024-04-30,169.52952575683594,174.16762945183916,169.20107478920735,172.5154270766455,65934800,168.8243392944336,,169.13039600449696,,52.33435787152229,50.22658338401515,,0.39566061195898783,3.4087289041114697,,,,,-76049000
2024-05-01,168.5043487548828,171.89832652202932,168.31523926242042,168.78303163206596,50383100,168.80692138671876,,169.07077245691465,,48.40983172980355,48.21157548429765,,0.2205030011572262,3.4211830723612864,,,,,-126432100
2024-05-02,172.21682739257812,172.6049939419865,170.08688513916923,171.69926693100732,94214900,169.0164321899414,,169.37039673650165,,60.82214827523384,55.217999250497854,,0.63461761620826,3.469716080557172,,,,,-32217200
2024-05-03,182.51817321777344,186.1211554309572,181.8015557893833,185.7727942523785,163224100,169.70318908691405,,170.6225659251942,,77.97593867749629,68.11026605792375,,2.3338752487690897,4.21504550611588,,,,,131006900
2024-05-06,180.8560485839844,183.33433694545525,179.5721025190793,181.49304025440043,78569700,170.36307373046876,,171.59718332126948,,72.0384821442452,64.86542547275073,,3.041530474131605,4.1827018575630275,,,,,52437200
2024-05-07,181.54278564453125,184.0310366275269,180.46787458450643,182.5878540948052,77305800,170.99658279418946,,172.54438354253253,,73.02844633339637,65.59474386587888,,3.4487499687528214,4.13844901366713,,170.81792526245118,,,129743000
2024-05-08,181.8811798095703,182.20963072654143,180.5972339353124,181.9906634485607,45057100,171.7410675048828,,173.43360223463137,,73.56645991807306,65.96960167644609,,3.605644745414139,3.958016712064409,,170.54670639038085,,,174800100
2024-05-09,183.70260620117188,183.792179594264,181.2541604804327,181.7020426329725,48983000,172.21532974243163,,174.41160261239713,,76.50901170354373,67.99115505890678,,3.8147373688880464,3.8565883121906173,,170.74128646850585,,,223783100
2024-05-10,182.4368438720703,184.47000383075684,181.51992740382525,184.2806378369833,50759500,172.55115814208983,,175.17591130379458,,70.1755394006001,65.0971111098325,,3.60622650486215,3.7918374632435436,,170.91795196533204,,,173023600
2024-05-13,185.6560211181641,186.4732816834413,184.00157793065927,184.8188384959365,72044800,173.24003829956055,,176.1740170004012,,76.05658872388572,68.74130106661158,,3.7912563373551222,3.8093089166812173,,170.92143630981445,,,245068400
2024-05-14,186.8021697998047,187.66926595480425,185.6659889969534,186.8819036535792,52393600,174.15094757080078,,177.1862220289158,,77.86926758630607,69.94451839216035,,3.913530277591093,3.681018625249713,,170.70545654296876,,,297462000
2024-05-15,189.0845184326172,190.01139602124525,186.7423838683229,187.2805836100953,70400000,175.2446502685547,,178.3193931149826,,81.17946972879602,72.23631462903259,,4.154705748643835,3.6515895915120447,,170.30335540771483,,,367862000
2024-05-16,189.2041015625,190.4598907547877,189.02471179656044,189.83199615864385,52845200,176.39210739135743,,179.35603201474618,,81.34998863979385,72.35525724300774,,4.14986767810251,3.4932745462774166,,169.72458724975587,,,420707200
2024-05-17,189.23399353027344,190.17084727488813,188.54630236847427,188.875198802712,41282900,177.6425796508789,,180.2967902543202,,81.39913656378518,72.38710227001219,,3.981793520999787,3.359793857715734,,169.40758361816407,,,461990100
2024-05-20,190.40008544921875,191.2771426664072,188.37688635675943,188.6958217839837,44361300,178.90955276489257,,181.25900884431053,,83.39114363811612,73.66171856445885,,3.882953351153617,3.326969747139451,,169.08709716796875,,,506351400
2024-05-21,191.7057037353516,192.08442053272117,190.28048580582157,190.4499145429012,42309400,180.18905715942384,,182.2539321672668,,85.42942729578249,75.05038958344655,,3.8504679675870364,3.2181815314080326,,168.8905242919922,,,548660800
2024-05-22,190.2605438232422,192.17412585880135,189.63266445026173,191.625965130265,34648500,181.29080047607422,,183.01646661069304,,73.74275831667643,70.61248655418785,,3.466965583363816,3.1698443797745743,,168.85618743896484,,,514012300
2024-05-23,186.25401306152344,190.3602074339564,186.0048504863481,190.3402701697929,51005900,182.1489227294922,,183.32480436791496,,51.122603388371026,60.01667869404963,,2.5182978685586193,3.254523848905555,,168.6859909057617,,,463006400
2024-05-24,189.3436279296875,189.9416242186365,187.41012383078692,188.1875250894915,36294600,183.1908866882324,,183.89802565951234,,61.69387197610919,64.44712831909132,,2.2760667848009177,3.2854586566346624,,168.5775032043457,,,499301000
2024-05-28,189.3535919189453,192.3535037829733,188.4665737792376,190.8684893929941,52280100,184.02433547973632,,184.41760339850595,,61.72501851007422,64.46080529576867,,2.036284781586062,3.328420895713308,,168.75018844604492,,,551581100
2024-05-29,189.652587890625,191.6060292626522,188.8752018363686,188.97487295416656,53068000,185.03048858642578,,184.91617335013632,,62.78438337343265,64.89719452033229,,1.8490795191807479,3.285735647896901,,168.8243392944336,,,604649100
2024-05-30,190.6492462158203,191.53626445370173,189.99146851693155,190.1210227262773,49947900,186.13773345947266,,185.46218028972527,,66.40086620257527,66.37916834394136,,1.8013711797082408,3.1855885704097457,,168.80692138671876,,,654597000
2024-05-31,191.60601806640625,191.92495345858123,189.2738600399137,190.79873376551856,75158300,187.10719299316406,,186.04730769702823,,69.69871756616539,67.78521805403619,,1.8353183309431245,3.1474103452853015,,169.0164321899414,,,729755300
2024-06-03,193.38006591796875,194.33685694398167,191.8751293663799,192.25384615761888,50080500,187.65028762817383,,186.7456656228321,,75.00570055362803,70.26810232114197,,2.0346267561695868,3.1176552404488818,,169.70318908691405,,,779835800
2024-06-04,193.69900512695312,194.66575720064256,192.38341934135104,193.98802704232935,47471400,188.29243545532228,,187.4078884327484,,75.89132461607417,70.70524024715422,,2.1191690767276725,3.057989713223356,,170.36307373046876,,,827307200
2024-06-05,195.21389770507807,196.24044634116564,194.2172473626493,194.7454708275224,54156800,188.97599105834962,,188.151317887256,,79.84812860511161,72.75429040589258,,2.3008462095880873,3.0210933918654383,,170.99658279418946,,,881464000
2024-06-06,193.82855224609372,195.84179017422775,193.5195930765027,195.03450583879905,41181800,189.57335968017577,,188.69200687381198,,67.94988280030226,68.06560303139281,,2.1202585229298734,2.9711722279982675,,171.7410675048828,,,840282200
2024-06-07,196.23046875,196.28030430445065,193.4896805396524,193.99796669662615,53103900,190.1997528076172,,189.4099556239251,,75.37286863875178,71.49556714156668,,2.26628439806737,2.958275909198267,,172.21532974243163,,,893386100
2024-06-10,192.47311401367188,196.6391204558344,191.5063619410421,196.24045118441725,97262100,190.70156631469726,,189.7016849943772,,52.979191262092684,60.54112385508897,,1.726421628754963,3.1135960953121264,,172.55115814208983,,,796124000
2024-06-11,206.4561004638672,206.46607669963055,192.9813995595946,193.00132161576843,172373300,191.74157028198243,,191.29734361051908,,79.46650129305296,75.55309029982935,,3.3229967066016286,3.8906937089297373,,173.24003829956055,,,968497300
2024-06-12,212.35629272460935,219.46239922329931,206.20694681699416,206.67537368785207,198134300,193.01927642822267,,193.302957811861,,83.92438209539878,79.15650556598406,,5.007743742262676,4.559605044456553,,174.15094757080078,,,1166631600
2024-06-13,213.5223846435547,216.02397164318225,210.8912282270037,214.0207098376566,97862700,194.24116973876954,,195.22861751011754,,84.6907424634606,79.7905166667592,,6.0014083752815,4.600543499579552,,175.2446502685547,,,1264494300
2024-06-14,211.7782440185547,214.44925972841028,210.59222763705992,213.13368913916617,70122700,195.36987686157227,,196.80477241568298,,78.1865564915359,76.06370699441437,,6.115656086812152,4.547435541848896,,176.39210739135743,,,1194371600
2024-06-17,215.94422912597656,218.21659070332572,212.0074632920053,212.65527993528357,93728300,196.70538864135742,,198.6275778166633,,82.03195126604655,78.6310823109546,,6.531125779143736,4.682500623486192,,177.6425796508789,,,1288099900
2024-06-18,213.5721893310547,217.8976632564161,212.28651711595563,216.86113841241476,79943300,197.8639938354492,,200.05087415136722,,73.43276013294252,73.77872728048794,,6.180055588270449,4.748832446127212,,178.90955276489257,,,1208156600
2024-06-20,208.97764587402344,213.5223844137921,208.15043943546107,213.21341001933183,86172500,198.72759094238282,,200.90104288685828,,59.36899932812295,65.36465282477383,,5.056504137210055,4.796897978231955,,180.18905715942384,,,1121984100
2024-06-21,206.79498291015625,211.1802382889184,206.41625091745036,209.6852627905662,246421400,199.5543128967285,,201.46237050812476,,53.67194859292375,61.7611915688536,,3.850418574897759,4.794547220605962,,181.29080047607422,,,875562700
2024-06-24,207.4427947998047,211.98751777765065,205.89798377862783,207.02420349475852,80727000,200.61375198364257,,202.03193472637997,,55.16181526467309,62.42331998011462,,3.04738345670134,4.887046276207166,,182.1489227294922,,,956289700
2024-06-25,208.36968994140625,210.67194975002215,207.91122410230184,208.44940858434205,56713900,201.5650550842285,,202.63553046114438,,57.44620474600537,63.399853315732706,,2.5637598961282038,4.768625467207902,,183.1908866882324,,,1013003600
2024-06-26,212.5356903076172,214.1402980033581,209.9344322470105,210.79155216910212,66213200,202.72416000366212,,203.57840282747512,,66.41775253797081,67.48933193529194,,2.7581634870266782,4.840195652546756,,184.02433547973632,,,1079216800
2024-06-27,213.38284301757807,215.0173489602873,211.6387049296034,213.97086306596705,49772700,203.91067276000976,,204.51215903605635,,68.01742718898873,68.26582819598252,,2.8856298078966347,4.735799108127982,,185.03048858642578,,,1128989500
2024-06-28,209.9144744873047,215.34623061165476,209.5955543096767,215.0472324898511,82542700,204.873934173584,,205.02666526950856,,55.410144043007975,61.761810567288755,,2.350408385414795,4.808290336260131,,186.13773345947266,,,1046446800
2024-07-01,216.02395629882807,216.78140506529675,211.2101334408119,211.37956216985052,60402900,206.09483108520507,,206.07402631991994,,67.70990267751209,67.61492569626816,,2.7995698800143316,4.9553360678124125,,187.10719299316406,,,1106849700
2024-07-02,219.53216552734372,219.64179766849512,214.3794853085834,215.4259559559557,58046200,207.40243606567384,,207.3557538634841,,72.7462403567472,70.41533903028704,,3.461471302005549,4.977262945819505,,187.65028762817383,,,1164895900
2024-07-03,220.8078765869141,220.8078765869141,218.29631357753755,219.26306558331447,37369800,208.75787963867188,,208.63690840857268,,74.43769049448909,71.38435793791616,,3.9076769647140566,4.801141521787865,,188.29243545532228,,,1202265700
2024-07-05,225.5818328857422,225.6914650307592,220.90754038733803,220.90754038733803,60412400,210.2762763977051,,210.2507107397317,,79.88740542893942,74.72118139470767,,4.703360843155366,4.807030587649096,,188.97599105834962,,,1262678100
2024-07-08,227.056884765625,227.08678305881676,222.50218547217585,226.32931907748747,59085900,211.93769302368165,,211.8512987421977,,81.32276873290682,75.66538939483758,,5.20926202327999,4.791142516148511,,189.57335968017577,,,1321764000
2024-07-09,227.9139862060547,228.631575647805,225.6117264169712,227.1664984715379,48076100,213.52186889648436,,213.38107850066027,,82.1846734286282,76.22117951636429,,5.4288175628756505,4.664621567197459,,190.1997528076172,,,1369840100
2024-07-10,232.1995849609375,232.2992560750062,228.48208356286247,228.53191911989683,62627700,215.50819244384766,,215.17331721116287,,85.96332650280547,78.82533513560364,,5.953883325044984,4.644667874465607,,190.70156631469726,,,1432467800
2024-07-11,226.80772399902344,231.61157070495585,225.0137503547776,230.61492037011672,64710600,216.52577362060546,,216.2813559528639,,65.55443996811606,68.6401952908854,,5.262070661403982,4.826179783872341,,191.74157028198243,,,1367757200
2024-07-12,229.76776123046875,231.86073301422448,227.91399100155516,228.1531925563972,53046500,217.39634704589844,,217.56577550311195,,70.1008646981183,70.86579718398849,,5.046595955038271,4.842381871824391,,193.01927642822267,,,1420803700
2024-07-15,233.6148376464844,236.43535998230436,232.3092281117703,235.68787221439837,62631300,218.4009696960449,,219.09425761200455,,75.08680057326944,73.49828535667376,,5.258271502202803,4.972754506110907,,194.24116973876954,,,1483435000
2024-07-16,234.03343200683597,235.47857190808813,231.5517672716992,234.2128217621178,43234300,219.51372909545898,,220.51703612579803,,75.6032518468474,73.77594349328868,,5.233044643692409,4.8980438011307665,,195.36987686157227,,,1526669300
2024-07-17,228.1133270263672,230.68468664215072,225.88082486496336,228.68140979310064,57345900,220.1221839904785,,221.2404924020427,,56.33438318377303,63.623416831642515,,4.158276686427541,5.130512611183755,,196.70538864135742,,,1469323400
2024-07-18,223.42906188964844,229.66810263837596,221.52547133243425,229.50863493701104,66034600,220.6150276184082,,221.44892759133847,,45.60475408774981,56.94585072832369,,2.6613491752472953,5.345663946523608,,197.8639938354492,,,1403288800
2024-07-19,223.55862426757807,226.0402889661169,222.5320756847993,224.06692564873424,49151500,221.34407653808594,,221.64985108431367,,45.93702729167352,57.08002917195598,,1.654745358096335,5.214417470437463,,198.72759094238282,,,1452440300
2024-07-22,223.20982360839844,227.01702011468987,222.34272744507624,226.24959507146195,48201800,222.16481857299806,,221.79841989613126,,45.07228025762114,56.5689024803724,,0.9210880143212989,5.175837127521476,,199.5543128967285,,,1404238500
2024-07-23,224.25628662109372,226.1798296775016,221.93408951337017,223.61843101438217,39960300,223.0054931640625,,222.03250244136578,,48.46774126692145,57.79011107720745,,0.5838093356880734,5.109401630136473,,200.61375198364257,,,1444198800
2024-07-24,217.80796813964844,224.04700927387208,216.40270265661363,223.24968592545983,61777600,223.4774070739746,,221.63016584120223,,33.55556284426662,48.70253789561005,,-0.5677051214647975,5.3054146540181595,,201.5650550842285,,,1382421200
2024-07-25,216.7614898681641,220.11023564894725,213.9010930254534,218.19665359620475,51391200,223.68869705200194,,221.1664824151986,,31.708448307724538,47.39985174812415,,-1.3990392310984134,5.369966651837851,,202.72416000366212,,,1331030000
2024-07-26,217.22991943359372,218.7547932697213,215.28643906297688,217.9674309680192,41601300,223.88105087280275,,220.79157165504577,,33.61675703162287,48.06944327107637,,-1.7839971467882947,5.234137191474034,,203.91067276000976,,,1372631300
2024-07-29,217.50897216796875,218.5654190781,215.0273073866339,216.23326096996,36311800,224.26077575683593,,220.478943132467,,34.88142156714538,48.49011202165962,,-1.9070047801861563,5.112992512902038,,204.873934173584,,,1408943100
2024-07-30,218.0670928955078,219.59196666736065,215.3960621319004,218.45578591171196,41643800,224.36293258666993,,220.24924310989945,,37.652962861778605,49.37344051579382,,-1.8247471138349454,5.047486228799053,,206.09483108520507,,,1450586900
2024-07-31,221.3361053466797,223.07028238181744,219.8909654212368,220.6982497488722,50036300,224.45312957763673,,220.3527537991166,,51.70035219198119,54.315147269243866,,-1.2329040245204226,5.044322175764093,,207.40243606567384,,,1500623200
2024-08-01,217.6285552978516,223.72805013234773,216.29304757526307,223.618417993468,62501000,224.2941635131836,,220.09330632280566,,39.82697302856303,48.52941011969103,,-1.3498785064249148,5.215085060144133,,208.75787963867188,,,1438122200
2024-08-02,219.12355041503903,224.84432899946663,216.98075820790515,218.41592196270943,105568600,223.97124938964845,,220.00094861730406,,45.69412322938989,50.80501073929823,,-1.152827723240705,5.404262612388229,,210.2762763977051,174.1279476928711,,1543690800
2024-08-05,208.56903076171875,212.7848576409039,195.3434758670593,198.423121913284,119548600,223.04685668945314,,218.91219453581974,,25.34194805149633,38.023716273926574,,-2.4929187157148647,6.716820607787622,,211.93769302368165,174.48484130859376,,1424142200
2024-08-06,206.53585815429688,209.28662299148328,200.39650324752452,204.612330181792,69660500,221.97795028686522,,217.73349583281757,,23.036045365198348,36.137684209544105,,-3.502084033975052,6.872056260371275,,213.52186889648436,174.8034063720703,,1354481700
2024-08-07,209.1171722412109,212.9243684609316,205.6986538206396,206.20693999643444,63516400,220.8238296508789,,216.9128935859979,,32.17699652121773,40.19363960026518,,-3.608238990535426,6.897317573222755,,215.50819244384766,175.1465396118164,,1417998100
2024-08-08,212.59548950195312,213.48250772924823,208.13050007077933,212.39616246807245,47161100,220.11321792602538,,216.5017122446603,,42.84811004431736,45.240496942554635,,-3.0290542944240997,6.786938293597479,,216.52577362060546,175.49743682861327,,1465159200
2024-08-09,215.51568603515625,216.05387055494424,211.259984607228,211.38955402452132,42201600,219.40061416625977,,216.4078049866123,,50.47955748619899,49.12226013967647,,-2.133645616779006,6.644577411748819,,217.39634704589844,175.8324169921875,,1507360800
2024-08-12,217.0522918701172,219.02793942662467,215.12653755613,215.59550663031672,38028100,218.5724868774414,,216.46918468980323,,54.23137233704509,51.087103796058216,,-1.2788335268272135,6.448636301659238,,218.4009696960449,176.14035217285155,,1545388900
2024-08-13,220.78407287597656,221.40270642093424,218.5290263212716,218.5290263212716,44155300,217.91001892089844,,216.88012642181974,,62.31989868669061,55.57427901520254,,-0.17017032696551837,6.298763319456223,,219.51372909545898,176.41586608886718,,1589544200
2024-08-14,221.23309326171875,222.54021400164925,219.21752501736543,220.08562480803565,41960600,217.566007232666,,217.29469469228633,,63.2320515186787,56.096178141046245,,0.5796945577278905,6.086186581229623,,220.1221839904785,176.87217498779296,,1631504800
2024-08-15,224.22650146484372,224.8551228159093,222.27079905335071,224.10676986474732,46414000,217.6058792114258,,217.95486676586322,,69.05781899646212,59.511040983686314,,1.4427642484875207,5.910175365012548,,220.6150276184082,177.316748046875,,1677918800
2024-08-16,225.5535888671875,226.33187474025672,223.15885022096825,223.42826155403992,44340200,217.70562744140625,,218.67855458503695,,71.40154426660402,60.96078163436438,,2.101869841185902,5.714664590317971,,221.34407653808594,177.8200845336914,,1722259000
2024-08-19,225.39393615722656,225.4937226434457,222.5501887780633,225.2243113108782,40687800,217.81483306884766,,219.3181147347693,,70.6504503018341,60.67929635155631,,2.396805741774756,5.521002840232702,,222.16481857299806,178.31840728759767,,1681571200
2024-08-20,226.0125732421875,226.6711275207631,224.95490346311303,225.27420804373648,30299000,217.90264739990235,,219.95568221166624,,71.98279887460924,61.422627195154966,,2.567926662771498,5.249232927191086,,223.0054931640625,178.7931066894531,,1711870200
2024-08-21,225.90280151367188,227.47933353511343,224.5557753561492,226.02254833732331,34765500,218.30738906860353,,220.52207452614297,,71.31263006068775,61.201540573935986,,2.552199564909273,5.083113302317737,,223.4774070739746,179.2290869140625,,1677104700
2024-08-22,224.03692626953125,227.8385569948794,223.4083048904395,227.2897617611708,43695300,218.67116088867186,,220.85682231122757,,60.19840128252048,57.41832264827637,,2.171845712364984,5.036480359612178,,223.68869705200194,179.9735906982422,,1633409400
2024-08-23,226.3418426513672,227.7188169640382,223.8373602369176,225.16444130741013,38677300,219.12675704956055,,221.3792052007647,,67.49859487220834,60.65394243586618,,2.1796030117893395,4.953978671577067,,223.88105087280275,180.85978637695314,,1672086700
2024-08-26,226.68109130859372,226.7808777924977,223.39832305195915,226.2620154817008,30602200,219.5853630065918,,221.88414673484365,,68.49097614845634,61.12219919416259,,2.143853084437069,4.841734105074316,,224.26077575683593,181.75317993164063,,1702688900
2024-08-27,227.5292205810547,228.3474270817302,224.39611696496783,225.5036798955901,35934600,220.05846939086913,,222.4217728154352,,71.06760309180945,62.32922346430843,,2.1556224909224397,4.778132391623463,,224.36293258666993,182.6282125854492,,1738623500
2024-08-28,225.99261474609372,229.35520907583677,225.18438078371824,227.4194670399241,38052200,220.29129486083986,,222.76185299930742,,60.594055096664874,58.769228292161436,,1.8553285392487453,4.73475352737311,,224.45312957763673,183.57143646240235,,1700571300
2024-08-29,229.28536987304688,232.4085012026452,228.37737982242845,229.59470189609323,51906300,220.8741355895996,,223.38314032061595,,71.20373117099885,63.570854193419,,2.066140993533736,4.854834450885851,,224.2941635131836,184.48971313476562,,1752477600
2024-08-30,228.49710083007807,229.89402024722435,226.98043458769095,229.6844899472923,52990800,221.34281311035156,,223.87018417865997,,66.22387505604053,61.71784600801214,,1.9982676943643298,4.716173822932104,,223.97124938964845,185.29181396484375,,1699486800
2024-09-03,222.28077697753903,228.49709095305272,220.684284662428,228.0480822473274,50190600,222.02840042114258,,223.7188120642675,,40.29545488253708,49.47123582449759,,0.9871044018830446,4.93736256184053,,223.04685668945314,186.08788391113282,,1649296200
2024-09-04,220.3650054931641,221.29295584608855,217.0023958735564,221.17322424578344,43840200,222.71985778808593,,223.39940191463862,,35.32294922776818,46.41452866314942,,0.054053218845666606,4.9617210291363945,,221.97795028686522,186.752392578125,,1605456000
2024-09-05,221.89163208007807,224.98481497811864,221.03352013282225,221.14327916881817,36615400,223.35858078002929,,223.2558047875376,,41.97932603487131,49.11278708072615,,-0.30131934891790024,4.9372987759805484,,220.8238296508789,187.405380859375,,1642071400
2024-09-06,220.3350830078125,224.74537478911404,219.2873857797809,223.4581991238727,48423000,223.74556045532228,,222.97764080851616,,37.40061515622649,46.53958625417759,,-0.7289597946511321,4.9744909355057345,,220.11321792602538,188.21852630615234,,1593648400
2024-09-09,220.42486572265625,220.7840757397734,216.23409233980905,220.33506702469683,67180000,223.99101943969725,,222.7345193717676,,37.85673454717627,46.713012518882536,,-0.9482009125856052,4.9441689686813515,,219.40061416625977,189.1145034790039,,1660828400
2024-09-10,219.6266326904297,220.9936192587632,216.2540503959821,218.4392435287618,51591000,224.1197364807129,,222.4385301640211,,35.19666075540056,45.30580529929542,,-1.1577613807172042,4.929554675402763,,218.5724868774414,189.9685836791992,,1609237400
2024-09-11,222.1710205078125,222.6000688776049,217.4114916314568,220.9736588702828,44587100,224.1890838623047,,222.413053053906,,48.62207013759409,50.43162317844527,,-0.8753241676729999,4.948056287598858,,217.91001892089844,190.96396362304688,,1653824500
2024-09-12,222.28077697753903,223.059062794204,219.33725854525207,222.01136566399225,37498200,224.2414680480957,,222.40045533234724,,49.152216505737584,50.64649104937786,,-0.6509964122697625,4.860466856266934,,217.566007232666,192.07011596679686,,1691322700
2024-09-13,222.01138305664065,223.5479944694599,221.42268236911949,223.08901316997165,36766600,224.13071212768554,,222.363400829899,,47.74156324953764,50.07275699027854,,-0.5255664522626944,4.665098659415039,,217.6058792114258,193.18506103515625,,1654556100
2024-09-16,215.84495544433597,216.7429728995392,213.4502168549942,216.0644583037111,59357400,223.64528045654296,,221.74259650746444,,27.02721964894984,39.142303503683664,,-1.308239137597326,4.943389198145853,,217.70562744140625,194.37438537597657,,1595198700
2024-09-17,216.31390380859372,216.42366284814068,214.0289395447448,215.27619443719672,45519300,223.19127883911133,,221.22557815519104,,29.73222974492417,40.2111925785911,,-1.6670363566797732,4.7613416342351425,,217.81483306884766,195.5510095214844,,1640718000
2024-09-18,220.20535278320312,222.22092099435915,217.0622612537557,217.0722490372817,59894900,222.90091781616212,,221.12841383404933,,48.28968067625756,48.322479990806414,,-1.262744541105235,4.843175602201591,,217.90264739990235,196.72745788574218,,1700612900
2024-09-19,228.3673858642578,229.3153117998868,224.1367068474718,224.49591687958383,66781300,223.0241470336914,,221.81783974168823,,68.58889312064525,60.443933316639495,,0.20232637964636524,5.14794584609317,,218.30738906860353,198.0013626098633,,1767394200
2024-09-20,227.6988525390625,232.5781131211396,227.12012443578536,229.46496974860835,318679900,223.20724334716797,,222.377936198581,,66.10899398428408,59.21869310364277,,0.9955455957052948,5.170091763183247,,218.67116088867186,199.0838247680664,,1448714300
2024-09-23,225.97265625,228.94610768522745,225.31410200503296,226.8407407931877,54146000,223.18878402709962,,222.72029048919234,,59.61583870888849,56.05885695156285,,1.1939560297240916,5.060228471541192,,219.12675704956055,200.28858947753906,,1394568300
2024-09-24,226.8706817626953,228.8463445678705,225.2342838755063,228.147869614878,43556100,223.1982635498047,,223.11556584857357,,61.88781785944363,57.3343191880662,,1.3949882654380303,4.956787915885692,,219.5853630065918,201.59079925537108,,1438124400
2024-09-25,225.8728790283203,226.79085685048213,223.52804884217397,224.43603888049125,42308700,223.11544647216797,,223.37816710378752,,57.681224341004786,55.40979447660009,,1.3185876817628923,4.841491130502524,,220.05846939086913,202.82713134765626,,1395815700
2024-09-26,227.02035522460935,227.99819881641105,224.9149883158055,226.80083714120576,36636700,223.16683349609374,,223.7250421629134,,61.21795412056885,57.18947900109062,,1.3819170797270033,4.715899656938455,,220.29129486083986,203.73903442382812,,1432452400
2024-09-27,227.2897491455078,229.01596089620384,226.80083496693396,227.9582911728241,34026000,223.0670524597168,,224.06453806601763,,62.085837062925286,57.61716237720462,,1.4027702475996193,4.537272962104985,,220.8741355895996,204.5904946899414,,1466478400
2024-09-30,232.4883270263672,232.4883270263672,229.14567760776436,229.53482055042812,54541900,223.26661376953126,,224.86680368128904,,74.78807019090756,64.90360865589327,,2.1009355477423526,4.584509027730298,,221.34281311035156,205.43081146240235,,1521020300
2024-10-01,225.71324157714844,229.14567442683443,223.24866456606327,229.01597026460064,63285000,223.43823699951173,,224.94741681422803,,49.54833922510862,52.287193426290784,,1.4747618694620996,4.917019987199843,,222.02840042114258,206.2573843383789,,1457735300
2024-10-02,226.281982421875,226.8706831083472,222.5302449869956,225.39393750024195,32880600,223.73408584594728,,225.0745183006706,,51.162519645983416,53.111181161452926,,1.1124445597836257,4.875835568210683,,222.71985778808593,207.06845794677736,,1490615900
2024-10-03,225.1744079589844,226.3119038145279,222.82957789090327,224.6455731013804,34044200,223.8982246398926,,225.0840316014624,,47.695477552294896,51.254814961579235,,0.6869868118212139,4.776299165025967,,223.35858078002929,207.7758804321289,,1456571700
2024-10-04,226.30194091796875,227.49930262356304,223.63780617480535,227.39951613756347,37245100,224.1965675354004,,225.2000229649392,,51.5915869033536,53.05376641211003,,0.5595383352982992,4.710956113863948,,223.74556045532228,208.3979898071289,,1493816800
2024-10-07,221.20315551757807,225.1943712346882,220.84394549402705,224.0069821228032,39505400,224.2354820251465,,224.81936892233338,,37.03670908108974,44.971277528490496,,-0.2697275579469931,4.764316064583787,,223.99101943969725,209.0065447998047,,1454311400
2024-10-08,225.27420043945312,225.4837307412941,222.7597302404025,223.8074274254469,31855700,224.51786041259766,,224.86268620967812,,50.139701804772216,51.344832182216344,,-0.18485423607640428,4.7297631473789465,,224.1197364807129,209.57503387451172,,1486167100
2024-10-09,229.03591918945312,229.24546472466872,224.3362709632568,224.7353864657012,33591100,224.8611053466797,,225.26013696965668,,59.275836086329306,56.3730309377647,,0.4120424859291063,4.742579619809874,,224.1890838623047,210.15229370117189,,1519758200
2024-10-10,228.5370178222656,228.99601435408127,226.67112924406288,227.27979028338345,28183500,225.17391738891598,,225.57222086038132,,57.64158537867051,55.55304875632673,,0.6893997740514806,4.572737500208471,,224.2414680480957,210.7943359375,,1491574700
2024-10-11,227.05029296875,228.9062089337624,226.8407474391105,228.79644988971887,31759200,225.42586288452145,,225.7129896326069,,52.599763676436446,53.07546999761461,,0.6186823275403981,4.393646356954432,,224.13071212768554,211.33890533447266,,1459815500
2024-10-14,230.79205322265625,231.22110160659443,228.09798564307096,228.19775690140835,39882100,226.17321777343744,,226.19670997451638,,62.28584468560086,58.13594103532629,,1.084670770947156,4.377729377018003,,223.64528045654296,211.8872622680664,,1499697600
2024-10-15,233.33645629882807,236.9684620133565,231.85969551276995,233.0969778733182,64751400,227.02434539794916,,226.87668581492701,,67.54697978837463,61.200132461254704,,1.6891836953045072,4.506206477995305,,223.19127883911133,212.25343200683594,,1564449000
2024-10-16,231.27099609375,231.61024577942743,229.33525401328015,231.09139869260775,34082200,227.5776275634765,,227.2951915557673,,59.66440511634414,57.51963689644081,,1.6952816321323496,4.470134749963349,,222.90091781616212,212.6590689086914,,1530366800
2024-10-17,231.6401824951172,233.3364614020046,230.0137723986246,232.9173703418766,32993800,227.7412673950195,,227.70900021665778,,60.62266677675386,58.005772114331066,,1.6825608086658406,4.388174339493109,,223.0241470336914,213.05453979492188,,1563360600
2024-10-18,234.48391723632807,235.66131853389135,233.4960858911256,235.66131853389135,46431500,228.08052062988276,,228.35423040900733,,67.55045279207988,61.646605026812296,,2.0123444181995183,4.361957318013184,,223.20724334716797,213.51937774658202,,1609792100
2024-10-21,235.96067810058597,236.32987592195377,233.9351372634737,233.9351372634737,36254500,228.57992172241205,,229.0786539986815,,70.67608580032008,63.42021479911554,,2.343082081452877,4.221441699475104,,223.18878402709962,214.03663970947267,,1646046600
2024-10-22,235.342041015625,235.70125104779564,232.08920560922664,233.376366009758,38846600,229.00348968505855,,229.6751670479142,,67.49850877004249,62.12415449063759,,2.3615617985950905,4.196443898895406,,223.1982635498047,214.5647006225586,,1607200000
2024-10-23,230.25323486328125,234.62362105235997,227.25982300232985,233.56595129753524,52287000,229.22250747680658,,229.73022112556822,,47.15329064087761,52.601458339874945,,1.549513326159797,4.473999192781101,,223.11544647216797,215.14826171875,,1554913000
2024-10-24,230.0636749267578,230.3131259260407,227.90841463888628,229.47495899723685,31109500,229.37467346191403,,229.76197863044342,,46.543605470688014,52.279981131333805,,0.9620153591997678,4.326192913807767,,223.16683349609374,215.705322265625,,1523803500
2024-10-25,230.9018096923828,232.7078323586645,229.0658541264054,229.2354789664412,38802300,229.55527648925778,,229.87053396967576,,49.886065461856305,53.62940098077458,,0.6827903312849344,4.277320436554289,,223.0670524597168,216.3158721923828,,1562605800
2024-10-28,232.88743591308597,234.21451699403664,232.03931169048732,232.80762499530724,36087100,229.5752319335937,,230.15785796428625,,57.270609507343146,56.74975176232199,,0.7676281281197816,4.208419498347114,,223.26661376953126,216.922666015625,,1598692900
2024-10-29,233.15684509277344,233.815399347975,231.8098189074392,232.58810476348472,35417200,229.94741210937497,,230.44347578604695,,58.24456667680996,57.17086566842796,,0.8267249017242193,4.051073851360591,,223.43823699951173,217.55397369384767,,1634110100
2024-10-30,229.5946807861328,232.95727501758805,229.04588560251636,232.09916306464564,47070900,230.11304702758784,,230.3626381670075,,43.09272389358697,50.209659501862305,,0.32028211107524385,4.055351396996054,,223.73408584594728,218.14961578369142,,1587039200
2024-10-31,225.4138946533203,229.325284321648,224.8750719925984,228.83635490362704,64370100,230.12502136230464,,229.89132926094206,,31.774475495460266,43.51301035722099,,-0.6001128046657414,4.10279835389165,,223.8982246398926,218.8182095336914,,1522669100
2024-11-01,222.42047119140625,224.8551151455125,219.78626950218683,220.48472918772245,65276700,229.93094787597653,,229.1798189686053,,26.057514184732156,39.45538924564189,,-1.5667574188758806,4.211714553694638,,224.1965675354004,219.1698260498047,,1457392400
2024-11-04,221.5224456787109,222.3007315284092,219.2275088130919,220.5046966292777,44944500,229.9469123840332,,228.4505453219487,,24.51380697892931,38.30147622342688,,-2.222920728619158,4.138946541167475,,224.2354820251465,219.44953704833983,,1412447900
2024-11-05,222.95928955078125,223.4581915257104,220.65436486265335,221.31291912362707,28111300,229.8311668395996,,227.92756858183753,,32.03029591290179,41.26149988911243,,-2.328658498630716,4.043580835588158,,224.51786041259766,219.71271118164063,,1440559200
2024-11-06,222.23089599609372,225.5735453041769,220.7042571772517,222.1211369530596,54561100,229.49091567993165,,227.38502833557624,,30.24890024208682,40.2083791292046,,-2.402404845281694,4.102559927826518,,224.8611053466797,220.02773071289062,,1385998100
2024-11-07,226.98043823242188,227.37956894750107,224.0768403097807,224.13670611072257,42137700,229.41308670043946,,227.34649594479964,,50.98613490645252,49.29592064467436,,-1.6709922953770047,4.17728228665372,,225.17391738891598,220.22869842529298,,1428135800
2024-11-08,226.7107391357422,228.4088689967903,226.16134014604208,226.92049995960824,38328800,229.39610900878907,,227.28594767727034,,50.00131740678508,48.84196685409767,,-1.1935133686191364,4.039442755517612,,225.42586288452145,220.54296203613282,,1389807000
2024-11-11,223.98373413085935,225.45212091614076,221.25673663335024,224.7528927426808,42005600,229.05569305419922,,226.97145114904072,,40.72252257487235,44.390698565809124,,-1.2420366440110797,4.140482737437208,,226.17321777343744,220.9333511352539,,1347801400
2024-11-12,223.98373413085935,225.34224111445195,223.11469448970428,224.30339000560164,40398300,228.5880569458008,,226.6869066711187,,40.72252257487235,44.390698565809124,,-1.2210493985771507,4.003844443673669,,227.02434539794916,221.24306701660157,,1388199700
2024-11-13,224.8727569580078,226.4010754152989,222.5153482196322,223.76397540644064,48566200,228.26814498901368,,226.51413050796526,,45.232300729814035,46.24304259838039,,-1.03135805265444,3.9954074973874576,,227.5776275634765,221.50151123046874,,1436765900
2024-11-14,227.9693603515625,228.61864039722624,224.7528954725484,224.77287777547028,44923900,228.08460388183593,,226.6527238264031,,58.16580802737343,52.21385668503993,,-0.43075233351416387,3.9861458850510565,,227.7412673950195,221.77195007324218,,1481689800
2024-11-15,224.7528839111328,226.6707733581308,224.023689933323,226.15134020310103,47923700,227.59805221557616,,226.47178669161545,,45.22382823773712,46.44349263591682,,-0.5049494527340244,3.9832547802788025,,228.08052062988276,221.9279379272461,,1433766100
2024-11-18,227.7695770263672,229.4876892234719,224.9227009955052,225.00261496304853,44686000,227.18849716186523,,226.59538577111562,,55.948642807350176,51.82133026864638,,-0.09880991935622774,4.036936961140252,,228.57992172241205,222.06877838134767,,1478452100
2024-11-19,228.0292816162109,229.9072217123872,226.4110657200773,226.7307063420897,36211800,226.82285919189454,,226.7319472801723,,56.798205024217374,52.26571490701415,,0.19098065143873555,3.9983097490809425,,229.00348968505855,222.26302154541017,,1514663900
2024-11-20,228.7484893798828,229.67746064503265,225.64190448211676,227.80951934283004,35169600,226.74762191772462,,226.92399890871616,,59.33221294698285,53.54364984822144,,0.4633522874933078,4.000970207212011,,229.22250747680658,222.38596282958986,,1549833500
2024-11-21,228.2690277099609,229.907225938216,225.46211628612437,228.6286329426038,42108300,226.65788955688475,,227.0520968897871,,56.74358711846203,52.53392650976209,,0.5427035694769415,4.03269445327484,,229.37467346191403,222.44093505859374,,1507725200
2024-11-22,229.61753845214844,230.4666110292765,227.80952873867184,227.80952873867184,38168300,226.59367599487305,,227.29642465763104,,62.160713615943976,55.09864146319886,,0.761779212657899,3.934436441655541,,229.55527648925778,222.46500518798828,,1545893500
2024-11-25,232.6142425537109,232.99383009111637,229.48769048234251,231.2058026888721,90152800,226.58001632690429,,227.80288350487672,,71.43513610211431,60.23998340375571,,1.2929147143119906,3.9038438107354203,,229.5752319335937,222.27026763916015,,1636046300
2024-11-26,234.8018341064453,235.31128373473047,233.07373841155265,233.07373841155265,45986200,226.6622657775879,,228.46945022883565,,76.36813577127636,63.52348620322284,,1.8778407651311397,3.817643622898573,,229.94741210937497,222.05540802001954,,1682032500
2024-11-27,234.67198181152344,235.43115689965904,233.55321672420507,234.21249554010248,33498400,226.91613082885743,,229.06016752242496,,75.46561290870865,63.18990114860991,,2.140761865740501,3.6790933766525304,,230.11304702758784,221.9012353515625,,1648534100
2024-11-29,237.06935119628903,237.5488197625333,233.71304074851764,234.5521145499528,28481400,227.49890365600587,,229.82294691993582,,80.44372136841177,66.66989844389344,,2.556837273498843,3.6902852078927535,,230.12502136230464,221.8245913696289,,1677015500
2024-12-02,239.3268585205078,240.52553753151284,236.89953466637493,237.00941446483552,48137100,228.34422302246094,,230.72808135808552,,84.00841127278387,69.58576543903283,,3.0297176603413902,3.685693611981693,,229.93094787597653,221.84241394042968,,1725152600
2024-12-03,242.3834991455078,242.49337894569655,238.6376176509325,239.54662188503684,38861000,229.38727569580078,,231.83812114736384,,87.58356334482419,73.0266201691053,,3.632237265639219,3.697841303609004,,229.9469123840332,221.7665118408203,,1764013600
2024-12-04,242.74310302734372,243.84190102311464,240.9850414761411,242.6032573953393,44383900,230.3764663696289,,232.87669085021906,,87.95322176499768,73.40778137541747,,3.9042442207516217,3.6377711781350426,,229.8311668395996,221.63162872314453,,1808397500
2024-12-05,242.7730712890625,244.2714238935446,241.86408229295347,243.72204013219252,40033900,231.40357513427733,,233.81920327296606,,87.98799164746661,73.44146348850055,,3.915703364504651,3.549883351167621,,229.49091567993165,221.46841766357423,,1848431400
2024-12-06,242.5732879638672,244.3613305629988,241.8141281502541,242.6432183998472,36870600,232.1832176208496,,234.65292562448045,,86.05620582064483,72.77964777526869,,3.734354064651882,3.4782632841374124,,229.41308670043946,221.44655822753907,,1811560800
2024-12-09,246.47900390625,246.96847124510987,241.48449521514056,241.56440918324205,44649200,233.171630859375,,235.77921879417278,,90.70880294788344,77.12044438463988,,4.028860686525235,3.6215284802682626,,229.39610900878907,221.52377197265625,,1856210000
2024-12-10,247.4978790283203,247.93739821602463,245.0705399660552,246.61884065291167,36914800,234.34733810424805,,236.89528167361541,,91.5653453792195,78.10150307760885,,4.19028115872203,3.5676234638183457,,229.05569305419922,221.70236602783203,,1893124800
2024-12-11,246.2192840576172,250.5245479203196,245.98952569372008,247.6876707672576,45205800,235.45911560058593,,237.7832819006632,,80.67647233665477,73.82352177730823,,3.9354217108350156,3.636723375445573,,228.5880569458008,221.75243438720702,,1847919000
2024-12-12,247.68768310546875,248.46682524629017,245.4101731068781,246.61885092340057,32777500,236.599861907959,,238.72655820588278,,83.33222337509181,75.48432840986135,,3.8285271491346293,3.595289715728895,,228.26814498901368,221.79294830322266,,1880696500
2024-12-13,247.85748291015625,249.016197294528,245.96955931284188,247.54782582286597,33155300,237.59426803588866,,239.59617008248026,,83.63564032950616,75.6765098841525,,3.6310721998189592,3.556100306154412,,228.08460388183593,221.94027709960938,,1913851800
2024-12-16,250.7642822265625,251.1039203968556,247.3780059899919,247.71764416028495,51694800,238.89483795166015,,240.6597998104881,,87.99887657336971,78.74788233146117,,3.7772314311604873,3.5682298847765055,,227.59805221557616,222.13108612060546,,1965546600
2024-12-17,253.20159912109372,253.5512208135588,249.50566587259755,249.80533943156328,51356400,240.16643905639648,,241.85425688768865,,90.48155039964092,80.92306990809305,,4.0607320911531986,3.602324531646846,,227.18849716186523,222.21055084228516,,2016903000
2024-12-18,247.77757263183597,254.0007260278641,247.46791553993853,251.883059276542,56774100,241.15385360717772,,242.41838219665507,,58.865141095317256,64.98304350350165,,3.2936988297791174,3.8116449570953255,,226.82285919189454,222.36585540771483,,1960128900
2024-12-19,249.51565551757807,251.72323503929724,246.81862390484892,247.2281772707384,60882300,242.1922119140625,,243.09431298912395,,63.61780283891537,67.2118240496568,,2.937947497114095,3.8897139697633962,,226.74762191772462,222.58523193359375,,2021011200
2024-12-20,254.21051025390625,254.71994465608725,245.4201718605057,247.76758181309805,147495300,243.48928604125976,,244.15299844291272,,73.32886701690597,72.33417068518045,,3.2709178681369053,4.276146743036122,,226.65788955688475,222.72925018310548,,2168506500
2024-12-23,254.9896545410156,255.36922684225436,253.171646035914,254.49020366493687,40858800,244.7578918457031,,245.18506092844632,,74.63949179549873,73.08564829509868,,3.4525767539364267,4.127677747557854,,226.59367599487305,222.91768493652344,,2209365300
2024-12-24,257.9164428710937,257.92641115938613,255.0096198916901,255.2094124344067,23234700,246.02300186157225,211.1825701904297,246.39757349441274,216.08441311411278,79.13326903321398,75.75027998343569,60.31815606177729,3.840987598358055,4.042611952615903,,226.58001632690429,223.15105499267577,,2232600000
2024-12-26,258.7355041503906,259.81433504408284,257.3470466563245,257.90642916266114,27237100,247.21968536376954,211.6141683959961,247.5726145092678,216.5088020796479,80.27445014859137,76.45286848586062,60.435564783163514,4.0390239063378885,3.9300888408403627,,226.6622657775879,223.64640350341796,,2259837100
2024-12-27,255.30929565429688,258.41589596104086,252.78207543596488,257.54682582842287,42355300,248.2515510559082,212.0390860748291,248.30944128498487,216.89487664257973,63.36302388408108,67.6262978972192,59.69304748348887,3.5059541502983222,4.074613117525033,,226.91613082885743,224.14110626220702,,2217481800
2024-12-30,251.9230194091797,253.22159473829512,250.47461491371797,251.95298524244893,35557500,248.99423446655274,212.4377663421631,248.65359158252724,217.24341537657577,50.979279568369336,60.225600715080084,58.973341287271076,2.5527309932043636,4.128903662028881,,227.49890365600587,224.59156646728516,,2181924300
2024-12-31,250.1449737548828,253.00183336212825,249.15605553782555,252.16275955239965,39480700,249.53514022827147,212.829447555542,248.79562797989445,217.5707940669072,45.52840900472084,56.71592304155123,58.60049466273987,1.6109253548511617,4.108680387905582,,228.34422302246094,225.02933502197266,,2142443600
2025-01-02,243.5821990966797,248.826433311358,241.5544297530332,248.65660659999048,55740700,249.59507522583007,213.1828406524658,248.2991109433978,217.82961401745223,31.17466163949902,46.04907175287085,57.25763874034068,0.031018365714004403,4.428813503187299,,229.38727569580078,225.43823486328125,,2086702900
2025-01-03,243.0927276611328,243.911819160746,241.624340886356,243.0927276611328,40244100,249.61255645751953,213.5220418548584,247.80326491651545,218.08098828256348,30.342288966625503,45.363796306838964,57.15945648441157,-1.0074621741711098,4.275860986844634,,230.3764663696289,225.8040298461914,,2046458800
2025-01-06,244.73092651367188,247.0583693989477,242.93290033169583,244.04168187374515,45045600,249.71044921875,213.85654487609864,247.51066125910177,218.34616179730088,36.91888931717746,48.14515851955073,57.40513827546266,-1.368117273771901,4.2651187068737215,,231.40357513427733,225.9934130859375,,2091504400
2025-01-07,241.94400024414065,245.28032844029428,241.08494412707995,242.71314361950863,40856000,249.67898483276366,214.21344177246092,246.98050306720071,218.58096615995603,31.092567274041258,44.03794202725737,56.84773826931268,-1.9312173212657342,4.260137678755194,,232.1832176208496,226.17002471923828,,2050648400
2025-01-08,242.43344116210935,243.44234164075263,239.78635773622744,241.6542990502637,37628900,249.47670669555663,214.56825721740722,246.54744955243012,218.81830421967896,33.250873340293424,44.926522877488964,56.92156740922885,-2.127227124459665,4.2169838377387645,,233.171630859375,226.30353088378905,,2088277300
2025-01-10,236.58987426757807,239.8962364632009,232.74409661721964,239.7463920626497,61710900,248.93130645751953,214.90097122192384,245.59910904911087,218.99513576244414,23.150589941505842,37.30950188419562,55.77650228509181,-2.995202800145762,4.607866745392404,,234.34733810424805,226.45020782470704,,2026566400
2025-01-13,234.1425628662109,234.4122706050548,229.46771001708316,233.27352322575203,49630700,248.3274703979492,215.22712196350096,244.5080094126442,219.1458564301433,20.158667521658117,34.65919188830944,55.308194955999575,-3.7539792181021028,4.787459424328297,,235.45911560058593,226.60546600341797,,1976935700
2025-01-14,233.02378845214844,235.8606656353981,232.21468051006943,234.49217517741417,39435300,247.5942756652832,215.52976341247557,243.4142740830732,219.2839453059842,18.858790732975862,33.48806161019522,55.095661506297866,-4.2251374834270905,4.705925545828324,,236.599861907959,226.6771081542969,,1937500400
2025-01-15,237.60874938964844,238.6975638581554,234.17252500331003,234.38230107288464,39832000,247.08183898925782,215.86443664550782,242.8613669694137,219.46628166502563,37.979888207129804,42.11973649350834,55.79530410968992,-3.6861527167004624,4.775057678698226,,237.59426803588866,226.66733001708985,,1977332400
2025-01-16,228.00930786132807,237.74859991927727,227.7795647267042,237.089336348529,71759100,245.9440902709961,216.15832862854003,241.44688514959603,219.55128690080974,24.10487630987039,32.58500831681128,54.02412321757627,-4.577055620027863,5.146056072546429,,238.89483795166015,226.63500091552734,,1905573300
2025-01-17,229.7274169921875,232.03487756377,228.22906438809176,231.86506609768284,68488300,244.77038116455077,216.46673316955565,240.33074532508095,219.6525419265946,29.484085026117043,35.40352712723852,54.285161472169946,-4.690243618879947,5.06602133182468,,240.16643905639648,226.5386129760742,,1974061600
2025-01-21,222.39547729492188,224.17352112887505,219.13906319002533,223.75398423747347,98070400,243.50127639770508,216.73444702148439,238.6226245603039,219.67983481583173,21.793669435156204,29.69746326503798,52.99468088497349,-5.615523835383243,5.4604736511345005,,241.15385360717772,226.46417694091798,,1875991200
2025-01-22,223.58416748046875,223.87384226456612,219.54859611049605,219.54859611049605,64126500,242.2047019958496,217.0122348022461,237.19039055270056,219.7186838970719,25.47060752977427,31.621632646485878,53.17605073512614,-5.783003988964936,5.379385972772755,,242.1922119140625,226.35821044921875,,1940117700
2025-01-23,223.41436767578125,226.78066167492807,222.0558606945357,224.493183388126,60234800,240.66489486694337,217.28539146423338,235.87838837394634,219.7554568699944,25.27258736644464,31.489050495171455,53.146610648020165,-5.673758994318717,5.33262990188844,,243.48928604125976,226.3779669189453,,1879882900
2025-01-24,222.5353240966797,225.38220009721184,221.16683361690275,224.53312753788663,54697900,239.04217834472655,217.55977630615234,234.60762034754,219.78311724040918,24.139113686857428,30.769794854594892,52.993959694819516,-5.50086995810824,5.2528253717756295,,244.7578918457031,226.32647430419922,,1825185000
2025-01-27,229.6075439453125,231.89502211760887,223.73399710835045,223.7739617116392,94863400,237.6267333984375,217.86345100402832,234.1314225949469,219.88087273001022,46.61340813813058,42.20719938418662,54.060872568013835,-4.160177102129495,5.5461734181437405,,246.02300186157225,226.23620697021485,,1920048400
2025-01-28,237.99832153320312,239.9262098046868,230.55650666713984,230.59647127201652,75707600,236.58987426757812,218.2184851837158,234.49969868430463,220.06114585243006,62.139134770417854,52.28025281613854,55.271425326682774,-1.9708590817446634,5.887065735374494,,247.21968536376954,226.27026611328125,,1995756000
2025-01-29,239.0971221923828,239.5965730646729,233.75299176206667,233.8628715636517,45486100,235.7792655944824,218.54288398742676,234.93754854221683,220.2505585523301,63.749758643713996,53.42508248663739,55.42601343353374,-0.39304554318769647,5.883959704462475,,248.2515510559082,226.36042114257813,,2041242100
2025-01-30,237.3290557861328,240.52553823889048,236.94948349745044,238.40787147181928,55658300,235.04956741333007,218.8509278869629,235.1653111368755,220.42049384818884,59.035199547836875,51.292711594159876,55.11794964378401,0.33642450577829663,5.719109349960872,,248.99423446655274,226.4819757080078,,1985583800
2025-01-31,235.7408142089844,246.9185272875337,233.1836281545949,246.9185272875337,101075100,234.32935943603516,219.17023986816406,235.22012095326681,220.57293484680375,54.788815875378006,49.385834877474075,54.84275424021563,0.542415555112683,6.291665763030722,,249.53514022827147,226.57033172607422,,1884508700
2025-02-03,227.75958251953125,231.5753945205246,225.45212191586603,229.73741895869952,73063300,233.53822860717773,219.46611785888672,234.50959348338722,220.6444437788707,38.53741185766322,41.11411300548968,53.4938465627998,-0.4937828419560333,6.577167658036983,,249.59507522583007,226.71722595214842,,1811445400
2025-02-04,232.54432678222656,232.87396618357337,226.40107197135944,227.00041910872287,45067300,233.01080856323242,219.79278717041015,234.32242522613382,220.76285057492402,49.0976237277699,46.8603759647889,54.17297261027883,-0.42450072745157286,6.569719554763908,,249.61255645751953,226.88527893066407,,1856512700
2025-02-05,232.21469116210935,232.4144684638066,228.0193068583431,228.2790158263464,39620300,232.3849967956543,220.12258583068848,234.1216886486077,220.87679923748308,48.428836429391794,46.52354873183576,54.1182538729364,-0.4118473488961456,6.42366958112959,,249.71044921875,227.01682830810546,,1816892400
2025-02-06,232.9638671875,233.54323203112875,230.1769227714588,231.0359788855247,29925300,231.93599014282228,220.46628242492676,234.01141993802602,220.99706857031907,50.22655525891562,47.448085924802434,54.22386730472809,-0.2802651400759544,6.205286701025329,,249.67898483276366,227.1365933227539,,1846817700
2025-02-07,227.3800048828125,233.74300400322835,227.0104008794231,232.3445476829273,39707200,231.1833183288574,220.7778793334961,233.37985659943428,221.0605803744235,38.54335190010361,41.66606326757232,53.30474597684045,-0.9859598255464732,6.242952159795324,,249.47670669555663,227.28871643066407,,1807110500
2025-02-10,227.6499938964844,230.58999633789065,227.1999969482422,229.57000732421875,33115600,230.73632431030273,221.0855512237549,232.83415538962953,221.12614667812562,39.3393169895514,42.03387992989748,53.34317734329281,-1.3392046789611243,6.039169819070549,,248.93130645751953,227.62410217285156,,1840226100
2025-02-11,232.6199951171875,235.22999572753903,228.1300048828125,228.1999969482422,53718400,230.66019592285156,221.40752281188963,232.81375917320648,221.24051332926058,52.54032520236714,48.47449648224049,54.04294298680332,-0.7908154483406236,6.149229248497983,,248.3274703979492,227.9938607788086,,1893944500
2025-02-12,236.8699951171875,236.9600067138672,230.67999267578125,231.1999969482422,45243300,230.8525062561035,221.74641494750978,233.20006735834752,221.39603056098125,61.00624401326989,53.257315832193726,54.62778264413675,0.18435409891031895,6.158571019182837,,247.5942756652832,228.283193359375,,1939187800
2025-02-13,241.52999877929688,242.33999633789065,235.57000732421875,236.91000366210935,53614100,231.04856872558594,222.11154319763185,233.99339416034272,221.5963685532033,68.25099656622523,57.87461129086624,55.2552639647084,1.439586830634255,6.202243733074913,,247.08183898925782,228.4572326660156,,1992801900
2025-02-14,244.6000061035156,245.5500030517578,240.9900054931641,241.25,40896200,231.87810363769532,222.47112014770508,235.00354767874012,221.8252604691268,72.21823468742656,60.633526579619904,55.66126224701603,2.5879104951236513,6.0849404348976845,,245.9440902709961,228.68979278564453,,2033698100
2025-02-18,244.47000122070312,245.17999267578125,241.83999633789065,244.1499938964844,48822500,232.6152328491211,222.8458225250244,235.9051146827366,222.0505812726251,71.77513724384652,60.452968464811676,55.639775790991564,3.1667646739960276,5.8888729993971785,,244.77038116455077,229.01800964355468,,1984875600
2025-02-19,244.8699951171875,246.00999450683597,243.16000366210935,244.66000366210935,32204200,233.73895874023438,223.22765075683594,236.758912819351,222.2776401168496,72.38336142497728,60.839364179600494,55.69266389489985,3.4490514759056055,5.671809988349281,,243.50127639770508,229.33545806884766,,2017079800
2025-02-20,245.8300018310547,246.77999877929688,244.2899932861328,244.94000244140625,32316900,234.85125045776368,223.59571662902832,237.6228260585609,222.5119919747024,73.95490178334816,61.80395342307861,55.81971854608645,3.618246335141265,5.444538238693194,,242.2047019958496,229.6734619140625,,2049396700
2025-02-21,245.5500030517578,248.69000244140625,245.22000122070312,245.9499969482422,53197400,235.9580322265625,223.91087577819823,238.3777952960082,222.74122591576764,72.55007986562327,61.32946197876469,55.772837590397884,3.5341516749720654,5.303499880265332,,240.66489486694337,229.98452056884764,,1996199300
2025-02-24,247.1000061035156,248.8600006103516,244.4199981689453,244.92999267578125,51326400,237.1862663269043,224.2420955657959,239.20848203958033,222.9836018380338,75.54967198822914,63.02191880837975,55.97853397107127,3.5598430669574554,5.2418214917754,,239.04217834472655,230.3683056640625,,2047525700
2025-02-25,247.0399932861328,250.0,244.91000366210935,248.0,48013300,238.05788879394532,224.5695816040039,239.9543402535377,223.22296891711935,75.17858687732273,62.90712106754396,55.968404917091284,3.421699513977188,5.230976837926489,,237.6267333984375,230.66849670410156,,1999512400
2025-02-26,240.3600006103516,244.97999572753903,239.1300048828125,244.3300018310547,44433600,238.17597274780275,224.8619757080078,239.99297457323425,223.39348664541023,45.90072935795359,51.63293525621834,54.85796278726228,2.2431759558581916,5.422334806883191,,236.58987426757812,231.07861755371093,,1955078800
2025-02-27,237.3000030517578,242.4600067138672,237.05999755859372,239.41000366210935,41153600,238.08611679077148,225.12996269226073,239.7365010949984,223.53185994298585,37.99316866680733,47.43874305481115,54.361409657558994,0.9929302096246886,5.420740117482496,,235.7792655944824,231.50673156738281,,1913925200
2025-02-28,241.83999633789065,242.08999633789065,230.1999969482422,236.9499969482422,56833400,238.31166381835936,225.42697845458986,239.93683397527386,223.71403045437796,52.23620780840675,53.47695631496249,54.969190286317016,0.8355163360874087,5.8828300654943515,,235.04956741333007,231.96039306640625,,1970758600
2025-03-03,238.02999877929688,244.02999877929688,236.1100006103516,241.7899932861328,47184000,238.426123046875,225.6888483428955,239.75523062327605,223.85647790039707,42.64546472995268,48.44700470735252,54.35862862542185,0.160752422037433,6.028342072883704,,234.32935943603516,232.44963989257812,,1923574600
2025-03-04,235.92999267578125,240.07000732421875,234.67999267578125,237.7100067138672,53798100,238.8346435546875,225.9344874572754,239.39092224732414,223.97661237577404,38.142185846148436,45.885176097284166,54.02620838550604,-0.5589305369459225,5.982747256851832,,233.53822860717773,233.08960876464843,,1869776500
2025-03-05,235.7400054931641,236.5500030517578,229.22999572753903,235.4199981689453,47227600,238.9944274902344,226.16776489257813,239.04321588978507,224.09366106350927,37.72175131866226,45.64998967123645,53.996184789569604,-1.003880291515884,6.0782658330923285,,233.01080856323242,233.5396762084961,,1822548900
2025-03-06,235.3300018310547,237.8600006103516,233.16000366210935,234.44000244140625,45170400,239.15019302368165,226.3983943939209,238.68957645562028,224.205465449256,36.70314515258523,45.112604268534795,53.931181026197,-1.2938957545533185,5.979818055603038,,232.3849967956543,233.9492709350586,,1777378500
2025-03-07,239.07000732421875,241.3699951171875,234.75999450683597,235.1100006103516,46273600,239.45550003051758,226.64757446289062,238.7258079669154,224.35337133855913,50.8325389513992,50.80194921283703,54.43407569725871,-0.884357671489397,6.02483109522793,,231.93599014282228,234.4627407836914,,1823652100
2025-03-10,227.47999572753903,236.16000366210935,224.22000122070312,235.5399932861328,72071200,239.46049957275392,226.83297401428223,237.65477822983195,224.38448202899676,28.13014113103287,37.74491803530857,52.64425514842839,-2.2532397805069593,6.655200738677052,,231.1833183288574,235.0215280151367,,1751580900
2025-03-11,220.83999633789065,225.83999633789065,217.4499969482422,223.80999755859372,76087700,239.11999969482423,226.97864547729492,236.05337043059944,224.3492135146574,21.663376736092545,32.57876225406936,51.66610517189158,-3.9479332384059944,6.896257741578466,,230.73632431030273,235.56401580810547,,1675493200
